date,year,month,day_of_year,filename,valid_fraction,valid_pixels,total_pixels,NDVI_mean,NBR_mean,NDMI_mean,NDVI_std,NBR_std,NDMI_std,NDVI_p10,NDVI_p50,NDVI_p90,NBR_p10,NBR_p50,NBR_p90,NDMI_p10,NDMI_p50,NDMI_p90
2020-04-05,2020,4,96,sumava_2020-04-05 (2).tif,0.4601911941439965,842426,1830600,0.5951048135757446,0.37409108877182007,0.15359371900558472,0.1679774671792984,0.21616168320178986,0.20185737311840057,0.3744601607322693,0.6105405986309052,0.7947390973567963,0.09805076196789742,0.3692993074655533,0.6528337299823761,-0.09400714933872223,0.13239998370409012,0.41914841532707214
2020-04-08,2020,4,99,sumava_2020-04-08.tif,0.7160717797443461,1310841,1830600,0.6203508973121643,0.4001702070236206,0.1751910150051117,0.17729924619197845,0.2063167840242386,0.19546526670455933,0.3723214864730835,0.6522851586341858,0.817173421382904,0.1261250227689743,0.4068949818611145,0.6542717814445496,-0.06646421104669571,0.16200004518032074,0.41452907919883736
2020-04-08,2020,4,99,sumava_2020-04-08 (2).tif,0.4646006773735387,850498,1830600,0.6150957942008972,0.3829796016216278,0.15781843662261963,0.16611529886722565,0.2119961827993393,0.196492001414299,0.3935812830924988,0.6322263777256012,0.8114894211292267,0.11150168925523758,0.37762753665447235,0.6615270674228669,-0.0854977086186409,0.1366235539317131,0.42347651720046997
2020-04-10,2020,4,101,sumava_2020-04-10 (2).tif,0.4619540041516443,845653,1830600,0.3461829423904419,0.2755391001701355,0.11969161033630371,0.2572304308414459,0.17785689234733582,0.14034491777420044,0.012585309892892839,0.39357444643974304,0.6759811878204346,0.08169110715389255,0.2439781278371811,0.5444821715354919,-0.04209235683083533,0.10263559222221375,0.3147163212299348
2020-04-13,2020,4,104,sumava_2020-04-13 (2).tif,0.7160712334753633,1310840,1830600,0.31224343180656433,0.3803822994232178,0.24194984138011932,0.27345529198646545,0.1888894885778427,0.17407628893852234,-0.0060028703417629005,0.30666881799697876,0.6775556325912475,0.13438621163368225,0.38817110657691956,0.6141286969184875,0.02738000769168138,0.23345289379358292,0.4734663397073746
2020-04-13,2020,4,104,sumava_2020-04-13 (1).tif,0.4646017699115044,850500,1830600,0.25865012407302856,0.4019784927368164,0.2968561053276062,0.2749480903148651,0.17653097212314606,0.19728468358516693,-0.01776356138288975,0.1450910046696663,0.6657769978046417,0.1675081789493561,0.41126126050949097,0.6218923807144165,0.04188951700925829,0.29051685333251953,0.564924669265747
2020-04-15,2020,4,106,sumava_2020-04-15.tif,0.46190593248115375,845565,1830600,0.6234467625617981,0.3890811502933502,0.1580837219953537,0.14774136245250702,0.1801271289587021,0.1664624661207199,0.42366494536399846,0.6429346203804016,0.7944054245948792,0.1505564093589783,0.3936312794685364,0.6196153998374939,-0.056697956472635265,0.15097059309482574,0.37926586866378786
2020-04-20,2020,4,111,sumava_2020-04-20 (1).tif,0.4615104337375724,844841,1830600,0.6557130217552185,0.4280342757701874,0.20300766825675964,0.1353074014186859,0.1749865710735321,0.15903620421886444,0.4740661680698395,0.6823827624320984,0.7988868355751038,0.19355936348438263,0.44253915548324585,0.6396092176437378,-0.006726544350385666,0.20429372787475586,0.4067173898220062
2020-04-23,2020,4,114,sumava_2020-04-23 (3).tif,0.4646017699115044,850500,1830600,0.6582473516464233,0.42348191142082214,0.18898004293441772,0.13606573641300201,0.18065834045410156,0.15999266505241394,0.4762335062026978,0.6862001419067383,0.800089281797409,0.18235041797161106,0.43875834345817566,0.6426056683063507,-0.022220596112310885,0.1895882561802864,0.39522145688533783
2020-04-23,2020,4,114,sumava_2020-04-23 (2).tif,0.716075603627226,1310848,1830600,0.6708836555480957,0.4348301589488983,0.20063669979572296,0.14861725270748138,0.1813155561685562,0.15411406755447388,0.45505819022655486,0.7140281796455383,0.8171825826168061,0.1717134416103363,0.4706966131925583,0.6369824409484863,-0.019652728177607052,0.2196974903345108,0.3836584985256195
2020-04-25,2020,4,116,sumava_2020-04-25 (1).tif,0.46292909428602647,847438,1830600,0.607158362865448,0.42714202404022217,0.2039550244808197,0.1621887981891632,0.15413926541805267,0.13824577629566193,0.39464855194091797,0.6283281147480011,0.792656433582306,0.21898220479488376,0.4360094517469406,0.6159419417381287,0.016689291410148147,0.21311721950769424,0.372711306810379
2020-04-28,2020,4,119,sumava_2020-04-28.tif,0.7160766961651918,1310850,1830600,0.494797021150589,0.39486464858055115,0.19952057301998138,0.2797030806541443,0.1800600290298462,0.13504083454608917,0.018889252468943594,0.5801869630813599,0.7954003810882568,0.14486853182315826,0.4172922521829605,0.6101238965988159,0.018494605273008342,0.21126269549131393,0.36261315345764167
2020-04-28,2020,4,119,sumava_2020-04-28 (2).tif,0.4646017699115044,850500,1830600,0.30584782361984253,0.33844801783561707,0.19105444848537445,0.26450058817863464,0.1544148325920105,0.11192435771226883,-0.0008157031028531482,0.2933260351419449,0.6674875140190124,0.14692056626081468,0.3287006914615631,0.5503566861152649,0.05296325348317623,0.18821682035923004,0.3347300738096237
2020-05-05,2020,5,126,sumava_2020-05-05.tif,0.4633633781273899,848233,1830600,0.3162810206413269,0.35361433029174805,0.22620363533496857,0.2232096940279007,0.15252035856246948,0.10709630697965622,0.060803109407424935,0.25945138931274414,0.6548681735992432,0.1642214298248291,0.33445292711257935,0.5776039719581604,0.08968973457813263,0.2223319560289383,0.3687137484550477
2020-05-08,2020,5,129,sumava_2020-05-08 (3).tif,0.4646006773735387,850498,1830600,0.7090856432914734,0.5037002563476562,0.25577661395072937,0.128597229719162,0.1469920575618744,0.1351805031299591,0.5489751994609833,0.7375234365463257,0.8353099942207336,0.3125660210847855,0.5330247581005096,0.6565917909145356,0.0763493984937668,0.2739378958940506,0.406707626581192
2020-05-08,2020,5,129,sumava_2020-05-08.tif,0.7160766961651918,1310850,1830600,0.685268223285675,0.49091699719429016,0.25248628854751587,0.1500186175107956,0.15539324283599854,0.13405609130859375,0.45927790403366087,0.7268133759498596,0.8393812298774719,0.26336642503738406,0.530188113451004,0.6548207581043244,0.061464141681790346,0.2778143435716629,0.4011452645063401
2020-05-18,2020,5,139,sumava_2020-05-18 (1).tif,0.7160723260133289,1310842,1830600,0.730710506439209,0.5240898132324219,0.2731807827949524,0.13935518264770508,0.15581752359867096,0.13592398166656494,0.540430235862732,0.762249231338501,0.8698981285095215,0.2961715757846832,0.5662174224853516,0.6771520376205444,0.0728601671755314,0.30290693044662476,0.4150573402643204
2020-05-18,2020,5,139,sumava_2020-05-18 (3).tif,0.4646017699115044,850500,1830600,0.7316523194313049,0.5424449443817139,0.2888069450855255,0.11679164320230484,0.13615335524082184,0.12570185959339142,0.5994170665740968,0.7525145411491394,0.8457824170589447,0.37088712453842165,0.5707399249076843,0.6784445941448212,0.12557302117347718,0.30664393305778503,0.42479857206344607
2020-06-02,2020,6,154,sumava_2020-06-02 (3).tif,0.4646017699115044,850500,1830600,0.5926629304885864,0.48369303345680237,0.2740543782711029,0.2758868932723999,0.20249192416667938,0.14378544688224792,0.08391697332262994,0.7131440937519073,0.8495280683040619,0.1506716325879097,0.5553248822689056,0.6936733663082123,0.0679775208234787,0.29964934289455414,0.4425990968942642
2020-06-02,2020,6,154,sumava_2020-06-02.tif,0.7160766961651918,1310850,1830600,0.5936712622642517,0.45839306712150574,0.2478487491607666,0.26711902022361755,0.1983186900615692,0.13982029259204865,0.10798868164420128,0.7001022398471832,0.851569539308548,0.14318600445985794,0.5215746760368347,0.6706485509872437,0.05280028469860553,0.27267269790172577,0.41260710358619695
2020-06-12,2020,6,164,sumava_2020-06-12 (1).tif,0.7160761498962089,1310849,1830600,0.7710856199264526,0.5535454750061035,0.30139362812042236,0.1523069590330124,0.15271705389022827,0.12038852274417877,0.6055270314216614,0.8146204948425293,0.8936259746551514,0.34868231117725373,0.5982953011989594,0.6921559154987336,0.12738604545593263,0.32849279046058655,0.42680023908615106
2020-06-12,2020,6,164,sumava_2020-06-12 (2).tif,0.46459630722167594,850490,1830600,0.8080250024795532,0.5927244424819946,0.3342175781726837,0.11500991880893707,0.13084331154823303,0.11839983612298965,0.7009400129318237,0.8345837593078613,0.9000329792499542,0.43951043486595154,0.6198424100875854,0.7156300961971283,0.18710508793592454,0.3488887697458267,0.4601036459207535
2020-06-27,2020,6,179,sumava_2020-06-27 (3).tif,0.4646017699115044,850500,1830600,0.6757523417472839,0.5304737091064453,0.2916400730609894,0.21494345366954803,0.1771172136068344,0.13188043236732483,0.30895702838897704,0.7646742761135101,0.8573319792747497,0.2339381143450737,0.5911591053009033,0.7015709221363068,0.09408999755978584,0.31723086535930634,0.44120525717735287
2020-06-27,2020,6,179,sumava_2020-06-27 (1).tif,0.7160766961651918,1310850,1830600,0.63480544090271,0.49048781394958496,0.2597639560699463,0.24636974930763245,0.19464781880378723,0.13730067014694214,0.18850247859954833,0.7406404316425323,0.8535401523113251,0.16464931964874266,0.564869225025177,0.6801820397377014,0.051539008319377896,0.29385246336460114,0.4134996175765992
2020-07-04,2020,7,186,sumava_2020-07-04 (1).tif,0.4618480279689719,845459,1830600,0.32922452688217163,0.3227076530456543,0.1911773681640625,0.2681652307510376,0.1909083127975464,0.12176453322172165,0.02507131136953831,0.26974180340766907,0.7145158648490906,0.11095176339149475,0.26124444603919983,0.6025300383567811,0.05881265923380852,0.15565699338912964,0.3694004356861116
2020-07-12,2020,7,194,sumava_2020-07-12 (2).tif,0.4646017699115044,850500,1830600,0.23787853121757507,0.3096349835395813,0.20188558101654053,0.2563979923725128,0.19483895599842072,0.12636299431324005,0.01369585758075118,0.11922253668308258,0.6953234136104584,0.10127669647336006,0.2593345195055008,0.6397714078426361,0.06802942156791687,0.17090041935443878,0.3983749002218246
2020-07-14,2020,7,196,sumava_2020-07-14.tif,0.4618786190320114,845515,1830600,0.5490174889564514,0.47875896096229553,0.2840173840522766,0.21909616887569427,0.15735265612602234,0.11492259800434113,0.15808714330196383,0.6020215749740601,0.7839890241622924,0.20946061909198763,0.5236359238624573,0.6407154560089111,0.10504197180271149,0.31325671076774597,0.4073690354824066
2020-07-19,2020,7,201,sumava_2020-07-19.tif,0.4596645908445319,841462,1830600,0.3092900514602661,0.4430817663669586,0.27949780225753784,0.31698116660118103,0.17900848388671875,0.1290905475616455,-0.016908632591366768,0.1950003281235695,0.7622816622257232,0.19759621322155,0.44484955072402954,0.6737967431545258,0.11089106425642967,0.2822532206773758,0.44581246376037603
2020-07-22,2020,7,204,sumava_2020-07-22 (3).tif,0.4646017699115044,850500,1830600,0.7016681432723999,0.5417728424072266,0.2988126575946808,0.2226891964673996,0.17507587373256683,0.13010504841804504,0.3233579844236374,0.7928136587142944,0.8686029851436615,0.24850885570049286,0.6022414863109589,0.7025599420070648,0.10007667765021325,0.32713110744953156,0.44080210030078887
2020-07-22,2020,7,204,sumava_2020-07-22 (2).tif,0.716075603627226,1310848,1830600,0.7081151604652405,0.534243643283844,0.2922528386116028,0.22183699905872345,0.1735144406557083,0.12336944043636322,0.3226955562829972,0.7956212759017944,0.872140246629715,0.23892695158720018,0.5944423973560333,0.6912548303604126,0.10112052634358407,0.3205425441265106,0.4254928767681122
2020-07-27,2020,7,209,sumava_2020-07-27 (3).tif,0.4646017699115044,850500,1830600,0.6112791895866394,0.49409395456314087,0.2784428000450134,0.2935527265071869,0.20450754463672638,0.14105919003486633,0.0866046465933323,0.7591848075389862,0.8725278437137604,0.1681425914168358,0.5744302570819855,0.701430207490921,0.08007538840174676,0.3081061840057373,0.44192156493663787
2020-07-27,2020,7,209,sumava_2020-07-27 (2).tif,0.7160663170545176,1310831,1830600,0.6648626923561096,0.5165340900421143,0.28875723481178284,0.27300992608070374,0.19325214624404907,0.13204146921634674,0.13799656927585602,0.7893783450126648,0.8892595171928406,0.18466773182153703,0.5927684009075165,0.6979245901107788,0.08929117321968079,0.32230067253112793,0.4337308406829834
2020-07-29,2020,7,211,sumava_2020-07-29 (1).tif,0.460915000546269,843751,1830600,0.7155566215515137,0.543583333492279,0.30300018191337585,0.12269549816846848,0.11557839810848236,0.10147494077682495,0.572239875793457,0.7399997115135193,0.8423795104026794,0.4046632647514343,0.5659804344177246,0.6570265293121338,0.17256134748458862,0.3208715617656708,0.4066586196422577
2020-08-01,2020,8,214,sumava_2020-08-01 (2).tif,0.4646012236425216,850499,1830600,0.7944220304489136,0.5719072222709656,0.29495769739151,0.12149035185575485,0.14139407873153687,0.12473656982183456,0.663458240032196,0.828428328037262,0.8858308911323547,0.3813137948513031,0.6091099977493286,0.7000741958618164,0.12408840358257293,0.3185829520225525,0.42411568760871887
2020-08-01,2020,8,214,sumava_2020-08-01 (1).tif,0.7160739648202775,1310845,1830600,0.8062707781791687,0.5677165985107422,0.2912009656429291,0.1082233265042305,0.13183125853538513,0.11146719753742218,0.6938162326812745,0.8336537480354309,0.8911021113395691,0.4020072817802429,0.6008887887001038,0.6876255869865417,0.14335933327674866,0.3108487129211426,0.40756112337112427
2020-08-06,2020,8,219,sumava_2020-08-06 (2).tif,0.4646006773735387,850498,1830600,0.7893410921096802,0.5805469155311584,0.3064860999584198,0.1285434514284134,0.13758645951747894,0.124563068151474,0.652040433883667,0.8268962502479553,0.8841101944446564,0.40706719160079957,0.6155705451965332,0.7037039279937745,0.1448690563440323,0.32895565032958984,0.43438413739204407
2020-08-06,2020,8,219,sumava_2020-08-06.tif,0.716075603627226,1310848,1830600,0.7991452813148499,0.5793042182922363,0.30400338768959045,0.1120467409491539,0.12560324370861053,0.10972945392131805,0.6902874946594239,0.8273226022720337,0.8850719690322876,0.4263063818216324,0.6101822257041931,0.6930318474769592,0.1610375851392746,0.32236216962337494,0.41931720674037937
2020-08-08,2020,8,221,sumava_2020-08-08 (1).tif,0.4617322189446083,845247,1830600,0.6174357533454895,0.4936992824077606,0.26224949955940247,0.25083985924720764,0.19698883593082428,0.1408151090145111,0.12800528407096862,0.7259705662727356,0.8267613291740418,0.1600498765707016,0.5663313269615173,0.6806329488754272,0.06241896450519562,0.2894430160522461,0.4211441695690155
2020-08-11,2020,8,224,sumava_2020-08-11.tif,0.7160766961651918,1310850,1830600,0.3250581920146942,0.46429765224456787,0.3198564052581787,0.31751319766044617,0.1776154786348343,0.17224973440170288,-0.03301433101296425,0.29441213607788086,0.7631989896297455,0.19893199503421782,0.49870632588863373,0.6642229437828064,0.11254909336566925,0.306075856089592,0.5799018085002899
2020-08-11,2020,8,224,sumava_2020-08-11 (2).tif,0.4646017699115044,850500,1830600,0.2650845944881439,0.45726481080055237,0.34235507249832153,0.2640503942966461,0.16883306205272675,0.1688188910484314,-0.010599982459098099,0.1722593829035759,0.6755393862724304,0.21287766695022584,0.4807995855808258,0.6563569068908691,0.13897784501314164,0.3250171095132828,0.5984014213085174
2020-08-13,2020,8,226,sumava_2020-08-13 (1).tif,0.4632858079318256,848091,1830600,0.6918942332267761,0.5214993953704834,0.2575611472129822,0.1915201097726822,0.152280792593956,0.1173601970076561,0.42009061574935913,0.7547652125358582,0.8382011651992798,0.28764069080352783,0.5671432614326477,0.6584287881851196,0.0934680849313736,0.28095903992652893,0.38068175315856934
2020-08-16,2020,8,229,sumava_2020-08-16 (3).tif,0.4646017699115044,850500,1830600,0.7530186176300049,0.5824782252311707,0.31545624136924744,0.15708714723587036,0.14825454354286194,0.12582410871982574,0.5818153083324433,0.8005944192409515,0.8640533804893493,0.38962222933769225,0.6239270567893982,0.7090228974819184,0.14709496051073073,0.3385426700115204,0.44541514217853545
2020-08-16,2020,8,229,sumava_2020-08-16.tif,0.716075603627226,1310848,1830600,0.6869558691978455,0.5437553524971008,0.29519903659820557,0.22712180018424988,0.17421449720859528,0.12549790740013123,0.2802534490823746,0.7758693695068359,0.8581382513046265,0.2416842207312584,0.6057336628437042,0.6954982042312622,0.10025874748826027,0.3226111978292465,0.43045328855514525
2020-08-21,2020,8,234,sumava_2020-08-21.tif,0.7160717797443461,1310841,1830600,0.8179168105125427,0.5662485957145691,0.28298166394233704,0.10617205500602722,0.1337883025407791,0.11276967823505402,0.717767059803009,0.8454792499542236,0.8967817425727844,0.40350330471992496,0.6002166867256165,0.6853651285171509,0.13622716069221497,0.30264705419540405,0.40019330382347107
2020-08-21,2020,8,234,sumava_2020-08-21 (3).tif,0.4646017699115044,850500,1830600,0.8089054226875305,0.571509063243866,0.28794065117836,0.12216626852750778,0.14870084822177887,0.12787702679634094,0.7055864036083221,0.8421250581741333,0.8924872994422912,0.403289943933487,0.608743816614151,0.6984132707118988,0.13455834388732915,0.3101014047861099,0.4171062797307968
2020-08-26,2020,8,239,sumava_2020-08-26 (3).tif,0.4646017699115044,850500,1830600,0.6553137302398682,0.5042318105697632,0.280409038066864,0.25807321071624756,0.20817923545837402,0.1519683301448822,0.16680363565683368,0.7760065197944641,0.8643187463283539,0.16814735233783723,0.5792497396469116,0.702163314819336,0.06795437261462214,0.3093026280403137,0.44957537353038785
2020-08-26,2020,8,239,sumava_2020-08-26 (1).tif,0.7160745110892603,1310846,1830600,0.6316863298416138,0.4882849454879761,0.27024683356285095,0.28530168533325195,0.2068772315979004,0.14233560860157013,0.09230025112628937,0.7685946822166443,0.8715405762195587,0.16179307401180268,0.5651305615901947,0.6874640703201294,0.07185814902186394,0.2982885539531708,0.42942555248737335
2020-08-28,2020,8,241,sumava_2020-08-28 (2).tif,0.4626865508576423,846994,1830600,0.6480300426483154,0.47400686144828796,0.25418752431869507,0.22553597390651703,0.18779757618904114,0.12195754051208496,0.2592962384223938,0.7457498013973236,0.853020828962326,0.16473751217126847,0.5382241010665894,0.6639630615711212,0.09182316958904266,0.2702280133962631,0.39768219590187076
2020-09-05,2020,9,249,sumava_2020-09-05 (1).tif,0.4646017699115044,850500,1830600,0.3920800983905792,0.3461696207523346,0.2324041724205017,0.23179341852664948,0.15559737384319305,0.08940834552049637,0.1552104353904724,0.31134721636772156,0.7949661433696746,0.16912057399749758,0.3218682259321213,0.588188624382019,0.1187675952911377,0.2348063439130783,0.3403366148471832
2020-09-07,2020,9,251,sumava_2020-09-07.tif,0.46303343166175026,847629,1830600,0.37307679653167725,0.32738471031188965,0.1945585310459137,0.26081201434135437,0.19786407053470612,0.1206102967262268,0.058554396033287055,0.3156825602054596,0.7672641396522522,0.09471504837274551,0.3027626872062683,0.6145656824111938,0.06020328104496002,0.18334537744522095,0.3596527576446534
2020-09-12,2020,9,256,sumava_2020-09-12 (2).tif,0.4624778761061947,846612,1830600,0.49462512135505676,0.4425838589668274,0.2307714819908142,0.2910415232181549,0.22085857391357422,0.1490480899810791,0.028993800841271882,0.6125876605510712,0.8005288481712342,0.11826954111456871,0.5162911415100098,0.6810603976249695,0.04615462347865105,0.23978925496339798,0.4176629722118378
2020-09-15,2020,9,259,sumava_2020-09-15.tif,0.7160739648202775,1310845,1830600,0.7993395328521729,0.5736410021781921,0.29284748435020447,0.09912563860416412,0.13149134814739227,0.11858857423067093,0.6894515991210938,0.8259746432304382,0.8786596059799194,0.39984411001205444,0.6083307266235352,0.6955776453018189,0.12839681208133696,0.31278347969055176,0.42160840630531315
2020-09-15,2020,9,259,sumava_2020-09-15 (1).tif,0.464599584835573,850496,1830600,0.7889506816864014,0.5693944096565247,0.2906547784805298,0.11718522757291794,0.1523141860961914,0.13772663474082947,0.6686473190784454,0.8220605850219727,0.8759055733680725,0.37641680240631104,0.608041375875473,0.7094516754150391,0.10601181536912918,0.31229448318481445,0.4411298781633377
2020-09-20,2020,9,264,sumava_2020-09-20 (3).tif,0.4646006773735387,850498,1830600,0.7848902940750122,0.5635722875595093,0.2929210960865021,0.1146463006734848,0.15934418141841888,0.14258483052253723,0.665787297487259,0.8177852928638458,0.8705902993679047,0.3576148718595505,0.6032121777534485,0.7144936919212341,0.09942986816167833,0.31385496258735657,0.45297658443450933
2020-09-20,2020,9,264,sumava_2020-09-20 (1).tif,0.7160706872063805,1310839,1830600,0.7943727970123291,0.5650774240493774,0.29167911410331726,0.09867340326309204,0.1400524377822876,0.12462678551673889,0.6811541676521301,0.8220260143280029,0.8741608619689941,0.37477132081985476,0.6026467680931091,0.6972821354866028,0.11550001055002217,0.3128271698951721,0.4287358462810516
2020-09-30,2020,9,274,sumava_2020-09-30.tif,0.4645979460286245,850493,1830600,0.3337866961956024,0.33315351605415344,0.19844229519367218,0.28902095556259155,0.22574304044246674,0.14294864237308502,0.0033460263162851337,0.27314311265945435,0.7451220154762269,0.06592922434210777,0.28335799276828766,0.6631579995155334,0.04490417540073395,0.16359573602676392,0.41495214700698857
2020-10-02,2020,10,276,sumava_2020-10-02.tif,0.4630225062820933,847609,1830600,0.5933210849761963,0.46034684777259827,0.25121691823005676,0.11643221974372864,0.11154677718877792,0.09525992721319199,0.43819620013237,0.606791079044342,0.7309073805809021,0.32350118160247804,0.4742845296859741,0.5837258219718934,0.1336538702249527,0.2598036229610443,0.3599767804145814
2020-10-25,2020,10,299,sumava_2020-10-25.tif,0.7160663170545176,1310831,1830600,0.5939204096794128,0.49551063776016235,0.2682037949562073,0.25104910135269165,0.20653963088989258,0.16130609810352325,0.06987366080284119,0.6843682527542114,0.809994101524353,0.151436747610569,0.5427225232124329,0.7255246877670288,0.0627767637372017,0.26801878213882446,0.48041652441024785
2021-04-23,2021,4,113,sumava_2021-04-23 (4).tif,0.30000764776575983,549194,1830600,0.5904245376586914,0.36976996064186096,0.15412648022174835,0.1786746084690094,0.16977570950984955,0.13741259276866913,0.32718974649906163,0.6256710886955261,0.7833262145519256,0.14183667302131653,0.37822791934013367,0.5850508809089661,-0.023515304177999494,0.14824719727039337,0.33716786205768584
2021-04-23,2021,4,113,sumava_2021-04-23 (2).tif,0.6760996394624713,1237668,1830600,0.5552218556404114,0.4189719259738922,0.21074418723583221,0.20788422226905823,0.20161908864974976,0.20169270038604736,0.22702203392982484,0.6018449664115906,0.7813017904758454,0.15230211913585665,0.4228106588125229,0.6702076613903046,-0.02306904215365648,0.18836112320423126,0.45718473792076125
2021-04-28,2021,4,118,sumava_2021-04-28 (2).tif,0.7160766961651918,1310850,1830600,0.5390048623085022,0.3813509941101074,0.17985355854034424,0.16480891406536102,0.1681823879480362,0.15773814916610718,0.31350136697292325,0.5566485822200775,0.7373660027980805,0.15826107412576676,0.391514852643013,0.5903553724288941,-0.018768372572958474,0.1775057464838028,0.3694343239068987
2021-04-30,2021,4,120,sumava_2021-04-30 (2).tif,0.46102261553588986,843948,1830600,0.4565604627132416,0.3230321705341339,0.13062091171741486,0.2399209439754486,0.1615736335515976,0.12450002878904343,0.05173740461468699,0.5168592929840088,0.7274348616600037,0.11978859901428224,0.32066911458969116,0.5343505680561066,-0.014424485899507995,0.12034957110881805,0.2943309754133225
2021-05-08,2021,5,128,sumava_2021-05-08.tif,0.7160728722823118,1310843,1830600,0.5558359622955322,0.4151894152164459,0.21826805174350739,0.211443230509758,0.1597457379102707,0.13321717083454132,0.23110078275203705,0.5987093448638916,0.7926076292991638,0.19427521526813507,0.4256468713283539,0.615648138523102,0.05363546460866928,0.21486368775367737,0.39232718348503115
2021-05-10,2021,5,130,sumava_2021-05-10 (1).tif,0.4617846607669617,845343,1830600,0.6532680988311768,0.4209941327571869,0.17547617852687836,0.12709972262382507,0.15628992021083832,0.13726957142353058,0.48654423356056214,0.6782249808311462,0.7876169085502625,0.20784767270088197,0.44137415289878845,0.6047247290611267,-0.01043152958154678,0.1843482255935669,0.3450598776340485
2021-05-20,2021,5,140,sumava_2021-05-20.tif,0.46213700426089804,845988,1830600,0.4202263057231903,0.4415420591831207,0.2806401252746582,0.3138573467731476,0.182412251830101,0.14406894147396088,0.015982871875166896,0.48767293989658356,0.7913699090480805,0.18065551072359087,0.46198783814907074,0.6621859312057495,0.1055573381483555,0.2754020094871521,0.470334005355835
2021-06-02,2021,6,153,sumava_2021-06-02 (3).tif,0.4646017699115044,850500,1830600,0.5574598908424377,0.541922390460968,0.36896106600761414,0.18041983246803284,0.09616325795650482,0.08264818787574768,0.28138184547424316,0.5807311832904816,0.778861516714096,0.43267811834812164,0.5451725721359253,0.659285569190979,0.2740853577852249,0.3768256604671478,0.457754322886467
2021-06-04,2021,6,155,sumava_2021-06-04 (1).tif,0.46370916639353216,848866,1830600,0.7054728269577026,0.5434828400611877,0.31465500593185425,0.14409711956977844,0.1231866255402565,0.11282108724117279,0.5070425271987915,0.7410793602466583,0.8538005352020264,0.40583647787570953,0.5594616830348969,0.6749938726425171,0.17818322032690048,0.3257370591163635,0.4407149702310562
2021-06-07,2021,6,158,sumava_2021-06-07.tif,0.4646012236425216,850499,1830600,0.37328556180000305,0.45555970072746277,0.2974672019481659,0.3175341784954071,0.19453065097332,0.13522496819496155,-0.001966841612011194,0.369358092546463,0.7933433055877688,0.18784521818161012,0.45847979187965393,0.7012158274650575,0.11837193816900253,0.30112186074256897,0.47253376841545114
2021-06-17,2021,6,168,sumava_2021-06-17 (3).tif,0.4646017699115044,850500,1830600,0.7937315106391907,0.5954998135566711,0.3390517830848694,0.12828850746154785,0.14967991411685944,0.13178005814552307,0.6499654591083527,0.8310424983501434,0.8904134154319763,0.38684850037097934,0.6407797932624817,0.7262982070446015,0.1458316519856453,0.3684414327144623,0.4739015847444533
2021-06-17,2021,6,168,sumava_2021-06-17 (2).tif,0.716075603627226,1310848,1830600,0.7618615627288818,0.5594813227653503,0.30886393785476685,0.1796829253435135,0.1724826842546463,0.13447114825248718,0.5490460813045501,0.8244017064571381,0.8925813972949982,0.2983105152845383,0.6205964088439941,0.7060728013515473,0.09795377328991892,0.3462406098842621,0.44271649420261383
2021-06-19,2021,6,170,sumava_2021-06-19 (2).tif,0.4607866273352999,843516,1830600,0.5848864912986755,0.5010049343109131,0.28482785820961,0.3086864650249481,0.19723999500274658,0.1427273452281952,0.022988024167716503,0.7385397255420685,0.8555100560188293,0.19930057227611542,0.5732443630695343,0.70188969373703,0.08840464428067207,0.3106091618537903,0.448903352022171
2021-06-29,2021,6,180,sumava_2021-06-29 (1).tif,0.461686878619032,845164,1830600,0.4112730622291565,0.36411356925964355,0.2251495122909546,0.29027923941612244,0.20384342968463898,0.1323021799325943,0.02507816776633263,0.4003596305847168,0.8155087590217591,0.11951328590512275,0.3347799479961395,0.6506129324436187,0.07242795452475548,0.20345564186573029,0.41271257996559146
2021-07-12,2021,7,193,sumava_2021-07-12.tif,0.7160537528679122,1310808,1830600,0.6734853982925415,0.5428000092506409,0.3225516080856323,0.278541624546051,0.1885937601327896,0.13105720281600952,0.12523566335439684,0.8011129796504974,0.8981561839580536,0.2231035828590393,0.6198615729808807,0.7152571976184845,0.12338884323835374,0.3585798889398575,0.46251049637794495
2021-07-12,2021,7,193,sumava_2021-07-12 (2).tif,0.4646012236425216,850499,1830600,0.6747612953186035,0.5512418150901794,0.33142828941345215,0.2676911950111389,0.19444464147090912,0.13930261135101318,0.16278661191463473,0.8057534694671631,0.8887006163597106,0.21455451846122742,0.6322457194328308,0.7310083627700806,0.11603550314903259,0.3677040934562683,0.48500595092773435
2021-07-19,2021,7,200,sumava_2021-07-19 (1).tif,0.4625499836119305,846744,1830600,0.48880788683891296,0.49110910296440125,0.2948727011680603,0.31371188163757324,0.19188393652439117,0.12922118604183197,0.016275132447481157,0.6058744192123413,0.8239107966423035,0.2047627866268158,0.5527033507823944,0.69994136095047,0.11791161447763443,0.3108013868331909,0.4518059015274048
2021-07-22,2021,7,203,sumava_2021-07-22 (1).tif,0.7160766961651918,1310850,1830600,0.5729392170906067,0.4970248341560364,0.2921186685562134,0.285317599773407,0.21637773513793945,0.15350385010242462,0.07574657648801802,0.6899604499340057,0.854386568069458,0.157405149936676,0.5836912095546722,0.7176927328109741,0.07579489946365356,0.3272874355316162,0.47246420979499815
2021-07-22,2021,7,203,sumava_2021-07-22 (3).tif,0.4646017699115044,850500,1830600,0.6100555062294006,0.5224900245666504,0.3071281313896179,0.2523077130317688,0.20668835937976837,0.15656986832618713,0.15609576553106308,0.715650349855423,0.8469083547592163,0.17123747617006305,0.6025722622871399,0.7274282038211822,0.07272736504673957,0.3421285152435303,0.4892666190862655
2021-07-24,2021,7,205,sumava_2021-07-24 (1).tif,0.4634611602753196,848412,1830600,0.7348508834838867,0.5778383612632751,0.33702680468559265,0.15680526196956635,0.12699373066425323,0.11434659361839294,0.4900897264480591,0.794535756111145,0.8773539364337921,0.41754918694496157,0.6064967811107635,0.7050435721874238,0.1878468722105026,0.3575800955295563,0.45340993106365207
2021-07-27,2021,7,208,sumava_2021-07-27.tif,0.4646017699115044,850500,1830600,0.7739042639732361,0.5987197160720825,0.34360653162002563,0.16237656772136688,0.1559036821126938,0.13100488483905792,0.5589470863342285,0.8335399627685547,0.8910440385341645,0.3623486667871475,0.6493681073188782,0.7367191255092621,0.15203604847192764,0.37219204008579254,0.4806826621294021
2021-07-29,2021,7,210,sumava_2021-07-29 (1).tif,0.46264612695291163,846920,1830600,0.5085812211036682,0.44699805974960327,0.26056501269340515,0.3159314692020416,0.22450867295265198,0.14887221157550812,0.036025022342801104,0.6352818310260773,0.8412893652915955,0.13033791929483415,0.5133407711982727,0.6998388171195984,0.06743269860744477,0.27235695719718933,0.4497761398553848
2021-08-11,2021,8,223,sumava_2021-08-11 (1).tif,0.4646017699115044,850500,1830600,0.4520163834095001,0.46439486742019653,0.29618269205093384,0.2697840631008148,0.16665709018707275,0.11599360406398773,0.04308750964701176,0.5106431841850281,0.7720805406570435,0.22282505184412002,0.5029860436916351,0.6548433601856232,0.14374223500490188,0.31385646760463715,0.43090250492095944
2021-08-13,2021,8,225,sumava_2021-08-13.tif,0.46313176007866275,847809,1830600,0.22125226259231567,0.5259169936180115,0.4609459936618805,0.35427209734916687,0.16696541011333466,0.1906413584947586,-0.03817741870880127,-0.0014676610007882118,0.8276600360870362,0.28536308407783506,0.572830080986023,0.691754174232483,0.19303469359874725,0.47082674503326416,0.6751970052719116
2021-08-21,2021,8,233,sumava_2021-08-21 (1).tif,0.7160766961651918,1310850,1830600,0.4650355279445648,0.45267271995544434,0.2666303217411041,0.3206368684768677,0.20974184572696686,0.13944587111473083,0.006403740216046571,0.5527904629707336,0.8346044540405273,0.15605780333280564,0.49967335164546967,0.6935325801372528,0.08729133009910583,0.2699373960494995,0.44386942088603976
2021-08-21,2021,8,233,sumava_2021-08-21 (3).tif,0.4646006773735387,850498,1830600,0.40384790301322937,0.4198343753814697,0.2536734640598297,0.3121809661388397,0.20731496810913086,0.14142818748950958,0.005692949937656526,0.41150256991386414,0.8141183018684388,0.15035587549209595,0.41834160685539246,0.6815642416477203,0.08658812195062637,0.24120860546827316,0.4409033805131912
2021-09-02,2021,9,245,sumava_2021-09-02 (2).tif,0.4618742488801486,845507,1830600,0.6134583950042725,0.5173314809799194,0.3119644224643707,0.26748746633529663,0.21278895437717438,0.1541677564382553,0.12781611382961278,0.7351558804512024,0.8524352192878724,0.16212021708488464,0.6007655262947083,0.7287394762039185,0.09330281764268876,0.33997106552124023,0.497691160440445
2021-09-05,2021,9,248,sumava_2021-09-05 (1).tif,0.716075603627226,1310848,1830600,0.7022565007209778,0.562677800655365,0.329794704914093,0.25121447443962097,0.19398130476474762,0.14186760783195496,0.21072671562433254,0.8117091357707977,0.8831670165061951,0.23207080364227295,0.6345303058624268,0.740760862827301,0.12101412042975426,0.3563805818557739,0.49208936095237743
2021-09-10,2021,9,253,sumava_2021-09-10 (3).tif,0.4646017699115044,850500,1830600,0.5423761606216431,0.5441626906394958,0.3455865681171417,0.3174225389957428,0.19508136808872223,0.16814686357975006,0.007867161929607394,0.6999724805355072,0.834235680103302,0.2442058578133583,0.6009899377822876,0.7411763310432434,0.11963416188955307,0.35856710374355316,0.5526538670063019
2021-09-12,2021,9,255,sumava_2021-09-12.tif,0.4629875450671911,847545,1830600,0.3232452869415283,0.43689972162246704,0.29384785890579224,0.31813541054725647,0.18393738567829132,0.13680848479270935,-0.002320859301835296,0.1882263571023941,0.7989047646522521,0.20159974545240403,0.42886319756507874,0.6840817451477051,0.1331754893064499,0.2825896143913269,0.4774664223194122
2021-09-25,2021,9,268,sumava_2021-09-25 (2).tif,0.4646012236425216,850499,1830600,0.8174992799758911,0.5934062600135803,0.32622838020324707,0.12235240638256073,0.17180319130420685,0.16070683300495148,0.6915830969810486,0.8566797375679016,0.9056602835655212,0.3742315709590912,0.6344731450080872,0.7648209810256958,0.11220296770334244,0.3461603820323944,0.5177497029304505
2021-09-25,2021,9,268,sumava_2021-09-25 (1).tif,0.7160695946684147,1310837,1830600,0.8268513083457947,0.6004441976547241,0.3320872485637665,0.1053677573800087,0.14785151183605194,0.13581790030002594,0.7061495542526245,0.8620502948760986,0.9058752298355103,0.4036236107349396,0.6400582790374756,0.74369215965271,0.1447024568915367,0.35224728286266327,0.4883628189563751
2021-09-30,2021,9,273,sumava_2021-09-30 (2).tif,0.7160761498962089,1310849,1830600,0.610434353351593,0.5207246541976929,0.3310028612613678,0.2929325997829437,0.21422269940376282,0.15503272414207458,0.08212671428918839,0.7497251033782959,0.8706966161727905,0.18334074914455414,0.5897679924964905,0.7460958600044251,0.11652664542198181,0.34573566913604736,0.5273903489112854
2021-09-30,2021,9,273,sumava_2021-09-30 (3).tif,0.4645930296077789,850484,1830600,0.6164188385009766,0.5206453204154968,0.3284739851951599,0.28432852029800415,0.2208014279603958,0.16841024160385132,0.0986495040357113,0.753154993057251,0.8652580738067628,0.17739648222923282,0.584147036075592,0.7606077790260315,0.10628329291939735,0.3363359868526459,0.5467034876346589
2021-10-02,2021,10,275,sumava_2021-10-02 (1).tif,0.4632087840052442,847950,1830600,0.744526207447052,0.5323904752731323,0.2911829948425293,0.1222178265452385,0.15485121309757233,0.1434643417596817,0.6007106900215149,0.7721143662929535,0.8599734008312225,0.32985516488552097,0.5691841542720795,0.6855790138244628,0.1008122518658638,0.3108922988176346,0.4577609866857528
2021-10-10,2021,10,283,sumava_2021-10-10 (3).tif,0.4645979460286245,850493,1830600,0.7805396318435669,0.592029333114624,0.343072772026062,0.12058048695325851,0.17265191674232483,0.1728454977273941,0.6428874731063843,0.8167252540588379,0.8781946539878845,0.36593315601348875,0.6258934736251831,0.7791760206222534,0.11365221440792084,0.3555559515953064,0.560869836807251
2021-10-10,2021,10,283,sumava_2021-10-10 (1).tif,0.7160761498962089,1310849,1830600,0.7993772625923157,0.5991788506507874,0.34697631001472473,0.11239422857761383,0.15496236085891724,0.15124978125095367,0.6669014453887939,0.8350090980529785,0.887276542186737,0.39178628325462345,0.6337951421737671,0.7601611018180847,0.14289754927158357,0.3606642782688141,0.5322951316833496
2021-10-15,2021,10,288,sumava_2021-10-15 (1).tif,0.4646012236425216,850499,1830600,0.692926287651062,0.5168060064315796,0.2986520230770111,0.2017538994550705,0.2077723890542984,0.17395909130573273,0.3951781988143921,0.7545216679573059,0.8839080095291137,0.2020963966846466,0.5493963360786438,0.7601729512214661,0.07100994288921356,0.2991843521595001,0.5292676925659181
2021-10-15,2021,10,288,sumava_2021-10-15.tif,0.7160706872063805,1310839,1830600,0.6122612357139587,0.45611873269081116,0.2777601480484009,0.2595171332359314,0.23273058235645294,0.16298750042915344,0.17635644376277926,0.7010880708694458,0.8789014935493469,0.10467712581157684,0.5062086582183838,0.7332764148712159,0.06359726190567017,0.27680832147598267,0.5005669593811035
2021-10-17,2021,10,290,sumava_2021-10-17 (1).tif,0.46361083797661967,848686,1830600,0.2785951495170593,0.2308984249830246,0.14205379784107208,0.2501930594444275,0.19904756546020508,0.12387548387050629,0.04123923368752003,0.1688472032546997,0.711792379617691,0.05295580066740513,0.14447642862796783,0.5748150944709778,0.03780917078256607,0.09463977068662643,0.34195904433727264
2021-10-20,2021,10,293,sumava_2021-10-20 (1).tif,0.7160597618267235,1310819,1830600,0.5451933145523071,0.42808452248573303,0.23642447590827942,0.25714755058288574,0.16154293715953827,0.11363861709833145,0.17558892369270324,0.6008163690567017,0.8524948000907898,0.23821653425693512,0.42276519536972046,0.6399918079376221,0.1122704789042473,0.22794261574745178,0.38262560963630676
2021-10-20,2021,10,293,sumava_2021-10-20 (2).tif,0.4646001311045559,850497,1830600,0.5408605933189392,0.42593127489089966,0.2321804165840149,0.19973374903202057,0.1497541069984436,0.12735092639923096,0.2690560042858124,0.554782509803772,0.8036700963974,0.2650166809558869,0.410625696182251,0.6324408650398254,0.07672062367200852,0.23288267850875854,0.394243323802948
2021-10-22,2021,10,295,sumava_2021-10-22.tif,0.46407188899814267,849530,1830600,0.566986620426178,0.4489747881889343,0.2691725790500641,0.2537192702293396,0.21892781555652618,0.17397421598434448,0.14953828752040865,0.6484581232070923,0.8409607529640197,0.15373892039060594,0.4617905467748642,0.7383416414260864,0.0722713902592659,0.24326206743717194,0.5244685888290406
2021-10-27,2021,10,300,sumava_2021-10-27.tif,0.4637998470446848,849032,1830600,0.5128249526023865,0.38904404640197754,0.19932444393634796,0.26958170533180237,0.2069288045167923,0.16879180073738098,0.03358804993331432,0.6100261211395264,0.784320867061615,0.10785878971219062,0.4036721736192703,0.6604036808013917,0.022934304364025597,0.1588708758354187,0.4510533928871155
2021-10-30,2021,10,303,sumava_2021-10-30 (2).tif,0.46458592811100186,850471,1830600,0.7259928584098816,0.5232858657836914,0.2909099757671356,0.2133006900548935,0.21356523036956787,0.20423343777656555,0.44009602069854736,0.7681419253349304,0.9475431442260742,0.22478437870740897,0.5346340835094452,0.7905960857868195,0.040947256982326506,0.27071329951286316,0.5757480502128602
2022-04-13,2022,4,103,sumava_2022-04-13.tif,0.4646017699115044,850500,1830600,0.37228691577911377,0.33483728766441345,0.18585170805454254,0.12656375765800476,0.12186694890260696,0.12691040337085724,0.21882524937391284,0.36089783906936646,0.5508274018764496,0.1767214298248291,0.330847904086113,0.49434512555599214,0.012027801759541039,0.19320325553417206,0.337007674574852
2022-05-03,2022,5,123,sumava_2022-05-03 (3).tif,0.4646017699115044,850500,1830600,0.3910892605781555,0.43127888441085815,0.2670581638813019,0.30439648032188416,0.17562156915664673,0.15757811069488525,-0.005910039832815523,0.46120190620422363,0.758930367231369,0.2074141249060631,0.43804463744163513,0.6525858461856842,0.07065288051962854,0.26788173615932465,0.47169608771800986
2022-05-03,2022,5,123,sumava_2022-05-03 (2).tif,0.7160766961651918,1310850,1830600,0.35688355565071106,0.4774652421474457,0.34074389934539795,0.3566947877407074,0.17389559745788574,0.1810486912727356,-0.03136177957057953,0.3198687434196472,0.8199241101741791,0.2385947436094284,0.5070062577724457,0.6689003944396973,0.11352708637714386,0.3359639346599579,0.5972285509109498
2022-05-10,2022,5,130,sumava_2022-05-10 (2).tif,0.46154484868349177,844904,1830600,0.3824104070663452,0.385630339384079,0.22689105570316315,0.32873985171318054,0.1934811770915985,0.13287967443466187,-0.015481312200427054,0.41015341877937317,0.7864901840686798,0.14049114882946018,0.3821044862270355,0.6385579586029053,0.07256169319152832,0.2184893861413002,0.40367037951946266
2022-05-15,2022,5,135,sumava_2022-05-15 (2).tif,0.4604829017808369,842960,1830600,0.6664583086967468,0.5028656721115112,0.2669430673122406,0.22304202616214752,0.1719537079334259,0.13561497628688812,0.2855486184358597,0.7439515292644501,0.8498051762580872,0.2217600360512734,0.5525936186313629,0.6701864659786224,0.06940472796559334,0.2905368506908417,0.4177481859922409
2022-05-18,2022,5,138,sumava_2022-05-18 (2).tif,0.716075603627226,1310848,1830600,0.4749205708503723,0.42934516072273254,0.2518446147441864,0.30741867423057556,0.19703692197799683,0.13509786128997803,0.02507801987230778,0.5472217202186584,0.8446466445922851,0.15971571505069734,0.46836480498313904,0.6620648860931397,0.07823561653494836,0.2648739665746689,0.41459115147590636
2022-05-20,2022,5,140,sumava_2022-05-20 (2).tif,0.46287938380858734,847347,1830600,0.5831544399261475,0.5069891214370728,0.3106686472892761,0.2122763842344284,0.12430566549301147,0.09559588134288788,0.2668556451797486,0.6230332255363464,0.8186593055725098,0.33789312839508057,0.5300987958908081,0.6363849878311157,0.19012531042098998,0.3250161111354828,0.41116214990615846
2022-05-28,2022,5,148,sumava_2022-05-28.tif,0.4646017699115044,850500,1830600,0.47577762603759766,0.45021986961364746,0.2885676324367523,0.32158705592155457,0.2207828313112259,0.1538550853729248,0.03491725139319897,0.5668526589870453,0.8463610291481019,0.15905499160289766,0.47600774466991425,0.7167454242706298,0.09583063498139381,0.2839069664478302,0.489591184258461
2022-05-30,2022,5,150,sumava_2022-05-30 (1).tif,0.4620195564295859,845773,1830600,0.49158376455307007,0.4600090980529785,0.29937517642974854,0.3372971713542938,0.22053267061710358,0.14937667548656464,0.018983289971947672,0.622135579586029,0.8615437507629394,0.16215550899505618,0.501578152179718,0.7194213271141052,0.10845612436532975,0.3047581911087036,0.489635717868805
2022-06-02,2022,6,153,sumava_2022-06-02 (3).tif,0.4646017699115044,850500,1830600,0.4865342676639557,0.46601158380508423,0.29483774304389954,0.3262074589729309,0.21714210510253906,0.1476239114999771,0.02638668175786734,0.5969081521034241,0.8499566733837127,0.16262189894914628,0.5121001303195953,0.7157842755317688,0.1000211238861084,0.3069785088300705,0.4786707580089569
2022-06-02,2022,6,153,sumava_2022-06-02 (1).tif,0.7160750573582432,1310847,1830600,0.4819614589214325,0.4531426429748535,0.28280675411224365,0.34629327058792114,0.21789847314357758,0.14558318257331848,0.008954228460788728,0.5945417284965515,0.8751099348068238,0.15964556634426116,0.4865191876888275,0.708515214920044,0.09770180881023408,0.28939002752304077,0.46304545998573315
2022-06-04,2022,6,155,sumava_2022-06-04 (2).tif,0.46243035070468697,846525,1830600,0.6226550340652466,0.5194207429885864,0.2990732192993164,0.3085368573665619,0.18891754746437073,0.13222970068454742,0.03981675058603287,0.7759087681770325,0.8784680843353272,0.22027007043361668,0.5903937816619873,0.7036228537559509,0.11630972921848297,0.3233650326728821,0.447976940870285
2022-06-12,2022,6,163,sumava_2022-06-12.tif,0.7160766961651918,1310850,1830600,0.6579979658126831,0.5270302891731262,0.3099541664123535,0.2742377817630768,0.19966551661491394,0.13848179578781128,0.12143854647874831,0.7812143862247467,0.8836378574371337,0.19088774621486665,0.6090819239616394,0.7140115022659301,0.10310839936137199,0.34606511890888214,0.46198005378246315
2022-06-12,2022,6,163,sumava_2022-06-12 (3).tif,0.4646017699115044,850500,1830600,0.579494833946228,0.5059912800788879,0.30702662467956543,0.3212859034538269,0.21245595812797546,0.14558827877044678,0.029768427275121228,0.7428659498691559,0.8747319281101227,0.18186248540878297,0.5901899635791779,0.7245985805988312,0.10840078592300416,0.33314603567123413,0.4789517253637314
2022-06-17,2022,6,168,sumava_2022-06-17 (1).tif,0.4646017699115044,850500,1830600,0.5400282740592957,0.495954692363739,0.3070264458656311,0.2793577313423157,0.1805066168308258,0.1302834153175354,0.055995214730501175,0.6575513780117035,0.8159181773662567,0.21314057409763337,0.5515875220298767,0.6906768977642059,0.11727909147739411,0.3319479525089264,0.45948395431041716
2022-06-19,2022,6,170,sumava_2022-06-19 (2).tif,0.4638757784333006,849171,1830600,0.7892117500305176,0.5863816142082214,0.33068063855171204,0.1039220318198204,0.12872314453125,0.11707914620637894,0.6524421572685242,0.8183946013450623,0.8765811324119568,0.40704765915870667,0.6210217475891113,0.7023526430130005,0.16495853662490845,0.3538271486759186,0.44991031289100647
2022-06-22,2022,6,173,sumava_2022-06-22.tif,0.4646017699115044,850500,1830600,0.22540636360645294,0.32996198534965515,0.21329784393310547,0.27985721826553345,0.17228028178215027,0.11120139062404633,-0.019990359246730805,0.09107056632637978,0.7294351041316987,0.13207044899463655,0.29760225117206573,0.5964964628219604,0.09476279467344284,0.1912776306271553,0.37204278409481045
2022-06-27,2022,6,178,sumava_2022-06-27 (1).tif,0.7160766961651918,1310850,1830600,0.8062743544578552,0.5993186831474304,0.3294171094894409,0.1007058173418045,0.11843671649694443,0.1047617495059967,0.6992722034454346,0.8322938978672028,0.8873803615570068,0.4507832735776901,0.6313644349575043,0.701058566570282,0.18756730556488038,0.349969744682312,0.43494537472724915
2022-06-27,2022,6,178,sumava_2022-06-27 (3).tif,0.4646017699115044,850500,1830600,0.7978450059890747,0.6037378311157227,0.3329628109931946,0.09831906855106354,0.11849945783615112,0.11346030235290527,0.6782686948776245,0.825021892786026,0.879485946893692,0.44084797501564027,0.6354248523712158,0.7112971484661103,0.17227367162704468,0.3548210710287094,0.4508778601884842
2022-07-02,2022,7,183,sumava_2022-07-02 (1).tif,0.7160750573582432,1310847,1830600,0.7512636780738831,0.5794758796691895,0.34467658400535583,0.2107306569814682,0.17284919321537018,0.12537512183189392,0.4101749539375305,0.8369945287704468,0.8993544816970825,0.28481518626213076,0.642744779586792,0.7233778238296509,0.14269253015518188,0.37582382559776306,0.4723916888237
2022-07-02,2022,7,183,sumava_2022-07-02 (3).tif,0.4646006773735387,850498,1830600,0.7399426102638245,0.5827983021736145,0.34951499104499817,0.20851868391036987,0.17411360144615173,0.13138672709465027,0.3905182719230653,0.8282091617584229,0.8922863185405732,0.28949465155601506,0.6457032561302185,0.7340191423892976,0.13727142810821535,0.3812505751848221,0.48881199657917024
2022-07-14,2022,7,195,sumava_2022-07-14 (2).tif,0.4638162351141702,849062,1830600,0.7620540857315063,0.5702377557754517,0.30460333824157715,0.16085079312324524,0.14175401628017426,0.12018095701932907,0.5661426544189453,0.815493106842041,0.880197924375534,0.36111552715301515,0.6121320128440857,0.6987712740898132,0.1266675189137459,0.3290967345237732,0.43175182640552523
2022-07-17,2022,7,198,sumava_2022-07-17.tif,0.7160766961651918,1310850,1830600,0.7720648646354675,0.5879938006401062,0.33630144596099854,0.12950846552848816,0.1277526319026947,0.11169957369565964,0.6202360570430756,0.8108012676239014,0.8785140037536621,0.41468089520931245,0.6200369894504547,0.706921672821045,0.1765101283788681,0.35700467228889465,0.45382750332355504
2022-07-17,2022,7,198,sumava_2022-07-17 (3).tif,0.4646017699115044,850500,1830600,0.7481759786605835,0.5811956524848938,0.3326222002506256,0.16526755690574646,0.1481269896030426,0.12902593612670898,0.5307744860649108,0.8082145154476166,0.87861248254776,0.35893457829952247,0.6264899373054504,0.7186436295509339,0.13575684428215026,0.361160010099411,0.4691390663385391
2022-07-19,2022,7,200,sumava_2022-07-19 (2).tif,0.46296733311482574,847508,1830600,0.7869625687599182,0.5767536163330078,0.3115365207195282,0.11954643577337265,0.1363528072834015,0.12448128312826157,0.6444267392158509,0.8215473294258118,0.8805052220821381,0.3828751921653748,0.6154893934726715,0.7011651694774628,0.13192384243011476,0.3381156027317047,0.440534257888794
2022-07-22,2022,7,203,sumava_2022-07-22 (3).tif,0.4646017699115044,850500,1830600,0.6882973313331604,0.5403534770011902,0.299442857503891,0.2543588876724243,0.1948794573545456,0.1438346803188324,0.20491626858711243,0.8045322299003601,0.8839450538158417,0.20745046436786657,0.6147750616073608,0.7217549085617065,0.08562371134757997,0.3335711508989334,0.46095617711544035
2022-07-22,2022,7,203,sumava_2022-07-22 (1).tif,0.7160766961651918,1310850,1830600,0.7119630575180054,0.5396342277526855,0.2958550453186035,0.24200032651424408,0.19037608802318573,0.1380893737077713,0.27379302680492396,0.8138235211372375,0.8919180691242218,0.2140789270401001,0.6131044328212738,0.7086656868457795,0.08754265755414962,0.3316889852285385,0.4433067083358765
2022-07-24,2022,7,205,sumava_2022-07-24 (1).tif,0.4624806074511089,846617,1830600,0.4134957194328308,0.41050422191619873,0.22874674201011658,0.3399466574192047,0.19805704057216644,0.13237126171588898,-0.012706532888114451,0.4492335617542267,0.828889524936676,0.15282705128192903,0.4041615128517151,0.6641148328781128,0.06692981123924256,0.2241971790790558,0.39864362478256227
2022-08-03,2022,8,215,sumava_2022-08-03 (2).tif,0.46288757784333007,847362,1830600,0.7497366666793823,0.5466009378433228,0.2792978584766388,0.18886543810367584,0.1705286204814911,0.14231683313846588,0.530607557296753,0.8149453401565552,0.8799627244472503,0.29042046964168555,0.6022662222385406,0.6992132902145386,0.07529573366045952,0.3117332011461258,0.43076380193233493
2022-08-08,2022,8,220,sumava_2022-08-08 (1).tif,0.4620485086856768,845826,1830600,0.7048625946044922,0.5404536128044128,0.30018898844718933,0.21483954787254333,0.17964747548103333,0.14618459343910217,0.31984828412532806,0.7959895133972168,0.8699283599853516,0.2429144322872162,0.6010361909866333,0.7085079312324524,0.0763411581516266,0.3321818709373474,0.4615240335464478
2022-08-11,2022,8,223,sumava_2022-08-11 (3).tif,0.4646017699115044,850500,1830600,0.7541133761405945,0.5692984461784363,0.31606778502464294,0.1732580065727234,0.1700175702571869,0.14538446068763733,0.519355869293213,0.8158643543720245,0.8866692245006561,0.32752885222434996,0.6204434037208557,0.7262856662273407,0.10882547050714494,0.3453824371099472,0.47468493282794955
2022-08-11,2022,8,223,sumava_2022-08-11 (1).tif,0.7160766961651918,1310850,1830600,0.7957062721252441,0.5856454968452454,0.3242974579334259,0.12683333456516266,0.14532804489135742,0.12781815230846405,0.6539094150066376,0.8332735598087311,0.8973489582538605,0.39078721702098845,0.6306082606315613,0.7146316826343536,0.141123528778553,0.35436175763607025,0.45677427649497987
2022-08-16,2022,8,228,sumava_2022-08-16 (2).tif,0.4646017699115044,850500,1830600,0.6810344457626343,0.5154409408569336,0.2707851231098175,0.22508570551872253,0.19227123260498047,0.14919525384902954,0.31558250784873965,0.7774204015731812,0.8679137289524078,0.21395335048437122,0.5728592574596405,0.7069537281990051,0.06962851658463479,0.29245495796203613,0.44278707504272463
2022-08-18,2022,8,230,sumava_2022-08-18 (1).tif,0.4607527586583634,843454,1830600,0.6549468636512756,0.48881447315216064,0.26414552330970764,0.21171285212039948,0.1870632916688919,0.13648904860019684,0.2740396082401276,0.7425653040409088,0.837608277797699,0.17993237078189853,0.5533129870891571,0.669732815027237,0.09276937916874886,0.288094624876976,0.41518932878971104
2022-09-02,2022,9,245,sumava_2022-09-02.tif,0.30415492188353543,556786,1830600,0.7320457696914673,0.5532152652740479,0.3082616925239563,0.1765477955341339,0.14876960217952728,0.12236595898866653,0.5093696415424347,0.7906979620456696,0.8710400760173798,0.3423530161380768,0.596426248550415,0.6875583827495575,0.12758832424879074,0.33315981924533844,0.4401722103357315
2022-09-02,2022,9,245,sumava_2022-09-02 (2).tif,0.4644007429258167,850132,1830600,0.6830102801322937,0.525146484375,0.292510986328125,0.23346062004566193,0.17975006997585297,0.13975737988948822,0.2536965698003769,0.7792775630950928,0.8670122921466827,0.21574070751667024,0.5819032192230225,0.6985990881919861,0.0865692712366581,0.31873947381973267,0.4516347497701645
2022-09-07,2022,9,250,sumava_2022-09-07 (1).tif,0.4619895116355293,845718,1830600,0.32342585921287537,0.39143818616867065,0.28644636273384094,0.2532365918159485,0.1856537163257599,0.16381928324699402,0.0028133642859757015,0.28650717437267303,0.69961918592453,0.13055547922849656,0.40892088413238525,0.6249468624591827,0.10531740635633469,0.26770493388175964,0.5204904019832612
2022-10-10,2022,10,283,sumava_2022-10-10 (1).tif,0.7160766961651918,1310850,1830600,0.7282346487045288,0.5144429206848145,0.2603614628314972,0.13706916570663452,0.16538934409618378,0.14788846671581268,0.5453781366348267,0.7599847912788391,0.8654969394207,0.29291845560073854,0.5424709320068359,0.6995287716388703,0.06551504209637642,0.2675802409648895,0.4452345907688141
2022-10-10,2022,10,283,sumava_2022-10-10 (3).tif,0.4646017699115044,850500,1830600,0.6582002639770508,0.49118027091026306,0.26288896799087524,0.19473882019519806,0.16158483922481537,0.14080025255680084,0.35130735337734226,0.6996041834354401,0.8674633800983429,0.3044401705265045,0.5011681616306305,0.6887100517749787,0.08696532621979713,0.266984760761261,0.4412013739347458
2022-10-12,2022,10,285,sumava_2022-10-12.tif,0.4624800611821261,846616,1830600,0.47097909450531006,0.35264837741851807,0.17586450278759003,0.2598282992839813,0.2119656652212143,0.14128507673740387,0.09131845459342003,0.525808572769165,0.7791445553302765,0.07680992782115936,0.35392870008945465,0.6312274932861328,0.01958449836820364,0.1506652981042862,0.3785795569419861
2022-10-17,2022,10,290,sumava_2022-10-17 (1).tif,0.46193379219927894,845616,1830600,0.6603249907493591,0.4751848876476288,0.24418357014656067,0.23951442539691925,0.19790393114089966,0.16428284347057343,0.17200278490781784,0.7351826727390289,0.862593412399292,0.14825139194726944,0.5067060887813568,0.7064760327339172,0.0444551445543766,0.2394581288099289,0.4643567353487015
2022-10-20,2022,10,293,sumava_2022-10-20 (1).tif,0.7160745110892603,1310846,1830600,0.5034983158111572,0.4078240394592285,0.23633451759815216,0.17778050899505615,0.11180484294891357,0.09871867299079895,0.27771489322185516,0.4872608780860901,0.7598602771759033,0.28635990619659424,0.4014529585838318,0.5562419295310974,0.10605799034237862,0.2500765919685364,0.3430556207895279
2022-10-25,2022,10,298,sumava_2022-10-25 (3).tif,0.4645236534469573,850357,1830600,0.5054132342338562,0.34895938634872437,0.18817612528800964,0.36071181297302246,0.22598907351493835,0.16010348498821259,0.01815360821783543,0.5922684669494629,0.9507352948188782,0.07144745439291,0.33727580308914185,0.6659986138343812,0.025584311038255692,0.14662352204322815,0.431041306257248
2022-10-25,2022,10,298,sumava_2022-10-25 (1).tif,0.715986561783022,1310685,1830600,0.31179606914520264,0.285428911447525,0.1616227626800537,0.3429655432701111,0.19877517223358154,0.13265913724899292,-0.004128111805766821,0.1384858936071396,0.8726065516471863,0.06799812167882921,0.23730415105819702,0.5899791479110718,0.0316087268292904,0.1258099228143692,0.35873900651931767
2022-10-27,2022,10,300,sumava_2022-10-27 (1).tif,0.46145908445318473,844747,1830600,0.7315574884414673,0.5056535601615906,0.2602020800113678,0.12909731268882751,0.17347022891044617,0.1695803552865982,0.5687477111816406,0.7564642429351807,0.8678232312202454,0.2759407043457031,0.5261387825012207,0.7091778159141541,0.038480518013238915,0.2642335295677185,0.4764649510383606
2023-04-10,2023,4,100,sumava_2023-04-10 (1).tif,0.46434010706872064,850021,1830600,0.29023391008377075,0.322048544883728,0.17675527930259705,0.2780648171901703,0.17469599843025208,0.12823832035064697,-0.006031135097146034,0.21293731033802032,0.695193886756897,0.12802523374557495,0.29321417212486267,0.5820440649986267,0.04603024199604988,0.15820281207561493,0.3523849546909332
2023-05-05,2023,5,125,sumava_2023-05-05 (1).tif,0.4628657270840162,847322,1830600,0.6832820177078247,0.45376548171043396,0.217494934797287,0.12348714470863342,0.1628148853778839,0.14261353015899658,0.5249467194080353,0.7101070582866669,0.8101469278335571,0.23354138731956484,0.4780588150024414,0.6412892818450928,0.024303288012742997,0.22862590849399567,0.39204510152339944
2023-05-25,2023,5,145,sumava_2023-05-25 (1).tif,0.4635540260024036,848582,1830600,0.7924492955207825,0.5773459076881409,0.3327242136001587,0.1085120439529419,0.12955915927886963,0.11491897702217102,0.6887388050556182,0.8138733208179474,0.8852740406990052,0.4316568076610565,0.6015594005584717,0.7022235751152038,0.19393154680728913,0.34580931067466736,0.45879257917404176
2023-05-28,2023,5,148,sumava_2023-05-28 (3).tif,0.4646017699115044,850500,1830600,0.8076613545417786,0.601713240146637,0.3534053564071655,0.10518177598714828,0.13198372721672058,0.11731432378292084,0.7054954230785371,0.8315280079841614,0.8937622487545014,0.44599142074584963,0.6323453783988953,0.7214565694332122,0.20435449182987217,0.37131333351135254,0.47721812725067136
2023-05-28,2023,5,148,sumava_2023-05-28 (1).tif,0.7160766961651918,1310850,1830600,0.7841688394546509,0.5687336921691895,0.3209816515445709,0.12580066919326782,0.15180817246437073,0.12743300199508667,0.6371144533157349,0.8167167007923126,0.8946449279785156,0.36300989985466003,0.6163584291934967,0.7041174054145813,0.13596040159463882,0.3546254187822342,0.44665718674659727
2023-06-04,2023,6,155,sumava_2023-06-04.tif,0.4628187479514913,847236,1830600,0.7950979471206665,0.5898904204368591,0.3443692922592163,0.11597602069377899,0.13515333831310272,0.12176909297704697,0.6757119297981262,0.8220189809799194,0.8895040154457092,0.42446719110012054,0.622183233499527,0.7107938528060913,0.1837154507637024,0.365757018327713,0.4680462896823883
2023-06-12,2023,6,163,sumava_2023-06-12 (2).tif,0.7160766961651918,1310850,1830600,0.638920783996582,0.5057147145271301,0.297926664352417,0.2692983150482178,0.21488580107688904,0.15442532300949097,0.15805414617061614,0.7552751898765564,0.8879091203212738,0.14855846464633943,0.5890924334526062,0.7160082519054413,0.06606997475028038,0.3409784585237503,0.46576015353202826
2023-06-17,2023,6,168,sumava_2023-06-17 (1).tif,0.7160766961651918,1310850,1830600,0.7216036915779114,0.5600694417953491,0.33066052198410034,0.2265678495168686,0.18876080214977264,0.1422610580921173,0.33391823470592497,0.8160730302333832,0.8968311011791229,0.24470712691545485,0.6333065629005432,0.7249478101730347,0.10894683599472045,0.3738284707069397,0.47429423928260805
2023-06-17,2023,6,168,sumava_2023-06-17 (2).tif,0.4646017699115044,850500,1830600,0.7250304818153381,0.5854154825210571,0.35606157779693604,0.22721676528453827,0.1752069890499115,0.13839559257030487,0.3516323328018189,0.8189564049243927,0.8880022883415222,0.30057679712772367,0.6483774483203888,0.7416389107704162,0.14501209408044816,0.3898710459470749,0.5017434179782867
2023-06-19,2023,6,170,sumava_2023-06-19.tif,0.46337758112094396,848259,1830600,0.47795072197914124,0.42332813143730164,0.24815939366817474,0.2642892301082611,0.18123489618301392,0.1178477331995964,0.06533313542604446,0.5439895391464233,0.7973892688751221,0.15771044790744781,0.46690282225608826,0.6393456220626831,0.09056810885667801,0.26007047295570374,0.3929979503154755
2023-06-29,2023,6,180,sumava_2023-06-29 (2).tif,0.4631410466513711,847826,1830600,0.75041663646698,0.5662988424301147,0.3110465109348297,0.16334165632724762,0.15566426515579224,0.13516472280025482,0.5374627113342285,0.8092139959335327,0.8772147595882416,0.3292709141969681,0.6197042763233185,0.7070098519325256,0.1000516712665558,0.34772367775440216,0.44974256753921515
2023-07-07,2023,7,188,sumava_2023-07-07 (3).tif,0.4646017699115044,850500,1830600,0.6225518584251404,0.4997338056564331,0.2801527976989746,0.2883775532245636,0.21320949494838715,0.1625671535730362,0.07264588773250583,0.7519610822200775,0.8759902954101563,0.17191691547632218,0.5670189559459686,0.7246536016464233,0.06173940412700176,0.3034863919019699,0.47536243200302125
2023-07-07,2023,7,188,sumava_2023-07-07 (1).tif,0.7160766961651918,1310850,1830600,0.5690695643424988,0.46295100450515747,0.25918352603912354,0.3022560179233551,0.2251105010509491,0.16408655047416687,0.04346593208611011,0.6963429152965546,0.86236412525177,0.14278152137994765,0.5183428823947906,0.7126448690891266,0.046935784071683875,0.26870378851890564,0.4598053067922592
2023-07-09,2023,7,190,sumava_2023-07-09 (2).tif,0.4635715066098547,848614,1830600,0.49722668528556824,0.4721216857433319,0.25025469064712524,0.2781416177749634,0.20173436403274536,0.16009975969791412,0.02422896567732096,0.6014578640460968,0.782221132516861,0.1833246558904648,0.5151619613170624,0.6995103597640993,0.04312760755419731,0.2573450356721878,0.43983761966228485
2023-07-17,2023,7,198,sumava_2023-07-17 (1).tif,0.7160766961651918,1310850,1830600,0.24291931092739105,0.38275909423828125,0.23088370263576508,0.3374243378639221,0.19845670461654663,0.13333316147327423,-0.04193875081837177,0.039141034707427025,0.8047995090484619,0.15761748254299163,0.3335514962673187,0.6959618210792542,0.0887777715921402,0.19583354145288467,0.44146294295787813
2023-07-19,2023,7,200,sumava_2023-07-19 (1).tif,0.46260624931716376,846847,1830600,0.5154708623886108,0.4581123888492584,0.24204933643341064,0.31328657269477844,0.20574790239334106,0.15460380911827087,0.01518943533301354,0.6331708431243896,0.8401797413825989,0.1647415965795517,0.49738189578056335,0.6938875913619995,0.042577993124723434,0.248029887676239,0.43398364782333376
2023-08-11,2023,8,223,sumava_2023-08-11 (1).tif,0.7160766961651918,1310850,1830600,0.8190506100654602,0.6030169129371643,0.3334403932094574,0.10876085609197617,0.138318732380867,0.12738429009914398,0.7042563855648041,0.8513691127300262,0.902761048078537,0.42314043939113616,0.647896945476532,0.7232190549373627,0.15506622940301895,0.3660440742969513,0.4628188073635101
2023-08-11,2023,8,223,sumava_2023-08-11 (2).tif,0.4646017699115044,850500,1830600,0.7920402884483337,0.5782634615898132,0.31001827120780945,0.1313067376613617,0.16513000428676605,0.15729089081287384,0.650324022769928,0.8351556360721588,0.8908357739448547,0.3618964016437531,0.628718763589859,0.7327601313591003,0.09569567292928696,0.3476710021495819,0.47956918478012084
2023-08-16,2023,8,228,sumava_2023-08-16 (2).tif,0.7160766961651918,1310850,1830600,0.3761427700519562,0.49080172181129456,0.3487829864025116,0.3500135540962219,0.19761347770690918,0.18891964852809906,-0.017780145630240447,0.317456915974617,0.8260562717914581,0.19395025968551635,0.5243874192237854,0.7174483597278596,0.11631985902786254,0.34028099477291107,0.6138859570026398
2023-08-16,2023,8,228,sumava_2023-08-16 (3).tif,0.4646017699115044,850500,1830600,0.5480247139930725,0.5257627964019775,0.3183411657810211,0.3257800042629242,0.1974080353975296,0.18388354778289795,-0.0006834559782873797,0.7081724405288696,0.8497042536735535,0.23383523225784303,0.5629260540008545,0.7398897707462311,0.09219411015510559,0.3244132995605469,0.5482016265392303
2023-08-18,2023,8,230,sumava_2023-08-18 (2).tif,0.46391620233803127,849245,1830600,0.5507006049156189,0.4762623608112335,0.25181859731674194,0.3215838372707367,0.19673286378383636,0.15126961469650269,0.014142522960901271,0.7071434259414673,0.8533842921257019,0.18661640286445622,0.5207915306091309,0.6925875663757324,0.07024636268615722,0.25614768266677856,0.43531795144081115
2023-08-21,2023,8,233,sumava_2023-08-21 (1).tif,0.7160766961651918,1310850,1830600,0.7503677010536194,0.5568591952323914,0.2897965908050537,0.20760273933410645,0.17010872066020966,0.13609249889850616,0.5165379524230957,0.8230100274085999,0.8929976284503937,0.3092064470052719,0.615231841802597,0.7071211397647857,0.09699628427624701,0.3221794664859772,0.4337992131710052
2023-08-21,2023,8,233,sumava_2023-08-21 (3).tif,0.4646017699115044,850500,1830600,0.7259021401405334,0.5421727895736694,0.27513810992240906,0.20234540104866028,0.18144845962524414,0.15534093976020813,0.4661913096904755,0.7979494333267212,0.868172025680542,0.2851943105459213,0.5946478247642517,0.7149011254310608,0.06946887895464897,0.3002661168575287,0.45026563107967377
2023-08-23,2023,8,235,sumava_2023-08-23 (2).tif,0.4628897629192614,847366,1830600,0.7017310261726379,0.5102759599685669,0.26128384470939636,0.22565506398677826,0.19291864335536957,0.15477530658245087,0.3048799932003021,0.7928807139396667,0.8717125356197357,0.2057940810918808,0.5677173435688019,0.6999465823173523,0.05439481697976589,0.2851930856704712,0.43908800184726715
2023-09-05,2023,9,248,sumava_2023-09-05.tif,0.716075603627226,1310848,1830600,0.8273200988769531,0.6101858615875244,0.3437584340572357,0.10156480222940445,0.14060086011886597,0.12620750069618225,0.7176937401294708,0.8587887287139893,0.9029611349105835,0.42459899783134464,0.653704822063446,0.7330156922340393,0.16754398643970492,0.3721524477005005,0.47414390444755555
2023-09-05,2023,9,248,sumava_2023-09-05 (3).tif,0.4646017699115044,850500,1830600,0.8120733499526978,0.5994264483451843,0.33394768834114075,0.11767280101776123,0.16256727278232574,0.149075448513031,0.6999665677547455,0.8475403487682343,0.8948984861373901,0.4006990104913712,0.6432231366634369,0.7486148238182068,0.1385385721921921,0.36082471907138824,0.4980046570301056
2023-09-07,2023,9,250,sumava_2023-09-07 (1).tif,0.4644127608434393,850154,1830600,0.808475136756897,0.5877819657325745,0.3150783181190491,0.12140608578920364,0.15675975382328033,0.14437447488307953,0.6880851447582245,0.8447645604610443,0.896091741323471,0.39440833628177646,0.63034987449646,0.730447292327881,0.12351357340812684,0.3417377173900604,0.47243364751338973
2023-09-07,2023,9,250,sumava_2023-09-07.tif,0.30450125641866055,557420,1830600,0.827991783618927,0.6059667468070984,0.3307555913925171,0.10412980616092682,0.13234494626522064,0.12058146297931671,0.7231861114501953,0.8579322695732117,0.9038774073123932,0.4391912490129471,0.6453437209129333,0.7192474603652954,0.16519382894039156,0.35664187371730804,0.45500849187374115
2023-09-10,2023,9,253,sumava_2023-09-10.tif,0.7160766961651918,1310850,1830600,0.816839337348938,0.603452205657959,0.32794636487960815,0.10503209382295609,0.14208362996578217,0.1305454671382904,0.6965870916843414,0.8502257466316223,0.8975411713123321,0.41063943803310393,0.6492988765239716,0.728652572631836,0.1407376080751419,0.35851797461509705,0.4644732534885406
2023-09-10,2023,9,253,sumava_2023-09-10 (2).tif,0.4646017699115044,850500,1830600,0.7974748611450195,0.5910746455192566,0.3172360062599182,0.11799396574497223,0.16207440197467804,0.15075011551380157,0.6782714307308197,0.8330284655094147,0.8837937176227569,0.3875396728515625,0.6354329884052277,0.7412866652011871,0.1136418491601944,0.3449026793241501,0.4848853021860123
2023-09-12,2023,9,255,sumava_2023-09-12 (1).tif,0.4638522888670381,849128,1830600,0.7560616135597229,0.5534875988960266,0.29586800932884216,0.12714777886867523,0.15342165529727936,0.1387484073638916,0.6273403584957122,0.7851106822490692,0.8687644839286804,0.360012686252594,0.5926109552383423,0.6987455904483796,0.1063207395374775,0.3227988928556442,0.446897366642952
2023-09-15,2023,9,258,sumava_2023-09-15 (3).tif,0.4646017699115044,850500,1830600,0.7716583013534546,0.5760810375213623,0.32391834259033203,0.16187834739685059,0.18521985411643982,0.15798142552375793,0.5804474890232086,0.8285213708877563,0.889805692434311,0.32163322269916544,0.6296089291572571,0.7523367047309876,0.1037990674376488,0.34995949268341064,0.5058653175830841
2023-09-15,2023,9,258,sumava_2023-09-15.tif,0.7160766961651918,1310850,1830600,0.8086807131767273,0.5972875952720642,0.33533135056495667,0.12964271008968353,0.1581847071647644,0.13704121112823486,0.6669385075569153,0.8521178066730499,0.9036310315132141,0.379240819811821,0.6493643820285797,0.738554871082306,0.13658436238765717,0.36659176647663116,0.4820637702941895
2023-09-17,2023,9,260,sumava_2023-09-17 (1).tif,0.46428111001857314,849913,1830600,0.7811455130577087,0.5622292757034302,0.2868042588233948,0.12922433018684387,0.16144031286239624,0.14742620289325714,0.6342780232429505,0.8226739168167114,0.8853395462036133,0.35837191939353946,0.6016322374343872,0.7199434638023376,0.08825222849845887,0.30930590629577637,0.4551731824874878
2023-09-17,2023,9,260,sumava_2023-09-17 (2).tif,0.30062984813722277,550333,1830600,0.8072265982627869,0.5804959535598755,0.30076587200164795,0.10851523280143738,0.13951964676380157,0.12714572250843048,0.6865459561347962,0.8396313786506653,0.891787075996399,0.3951552987098694,0.6220546364784241,0.7064706087112427,0.12110283970832825,0.3280044496059418,0.4362965703010559
2023-09-20,2023,9,263,sumava_2023-09-20 (2).tif,0.7160761498962089,1310849,1830600,0.8327497243881226,0.603531002998352,0.33216050267219543,0.11468442529439926,0.1485530287027359,0.1375785619020462,0.6991713047027589,0.8730974197387695,0.9169954299926758,0.4022310018539429,0.6502493619918823,0.7375874400138854,0.13718600273132325,0.36235687136650085,0.4796611607074737
2023-09-20,2023,9,263,sumava_2023-09-20 (1).tif,0.4646017699115044,850500,1830600,0.816103994846344,0.5862884521484375,0.3168698251247406,0.13252390921115875,0.17346447706222534,0.16204436123371124,0.6814504206180573,0.860299676656723,0.9109512686729431,0.36622693836688996,0.6330075562000275,0.7520202696323395,0.09737771078944206,0.3446647673845291,0.5020198285579681
2023-09-27,2023,9,270,sumava_2023-09-27 (1).tif,0.46309024363596635,847733,1830600,0.7787626385688782,0.5675449967384338,0.2986130118370056,0.1407511830329895,0.17258910834789276,0.15778642892837524,0.6370812892913819,0.8234769105911255,0.8812960863113404,0.34589211344718934,0.6121851205825806,0.7358270168304444,0.08738234341144563,0.3214792311191559,0.48293047547340395
2023-10-02,2023,10,275,sumava_2023-10-02 (2).tif,0.46094012891947994,843797,1830600,0.7537057995796204,0.5426384210586548,0.2906951904296875,0.1223921924829483,0.16501516103744507,0.1533292829990387,0.6237082839012146,0.7824545502662659,0.8652683615684509,0.33329650759696966,0.579177737236023,0.7105944156646729,0.0856199197471142,0.31165605783462524,0.4706299722194672
2023-10-07,2023,10,280,sumava_2023-10-07 (2).tif,0.4623030700316836,846292,1830600,0.6979108452796936,0.4770730435848236,0.26124805212020874,0.17607466876506805,0.19304391741752625,0.15372858941555023,0.4148563176393509,0.7508958876132965,0.870414674282074,0.21003730595111847,0.49311377108097076,0.7133143544197083,0.07640820369124413,0.2509237825870514,0.46504080891609195
2023-10-22,2023,10,295,sumava_2023-10-22 (1).tif,0.4622631923959358,846219,1830600,0.40682253241539,0.3495725989341736,0.20238307118415833,0.2908439636230469,0.22507424652576447,0.15955273807048798,0.024441712349653245,0.42196762561798096,0.7782868623733521,0.07440040707588196,0.3264507055282593,0.6763852000236511,0.03776516541838646,0.16382475197315216,0.4510673105716706
2023-10-25,2023,10,298,sumava_2023-10-25 (2).tif,0.464599584835573,850496,1830600,0.6206669211387634,0.46661996841430664,0.2682425081729889,0.25644931197166443,0.23612864315509796,0.18371175229549408,0.17395491153001785,0.7059692740440369,0.8776548802852631,0.1145532913506031,0.4962017685174942,0.7571035325527191,0.04916208051145077,0.24680152535438538,0.5282688736915588
2023-10-25,2023,10,298,sumava_2023-10-25 (1).tif,0.716075603627226,1310848,1830600,0.6936545372009277,0.514144778251648,0.2952038645744324,0.21950820088386536,0.21731704473495483,0.17220906913280487,0.32906824052333833,0.7622921466827393,0.9009539008140564,0.1677644655108452,0.5665430724620819,0.7551613092422486,0.06723510771989824,0.3013991415500641,0.5212975323200226
2024-04-07,2024,4,98,sumava_2024-04-07.tif,0.4646017699115044,850500,1830600,0.4982604682445526,0.39896368980407715,0.21118375658988953,0.131695955991745,0.10969868302345276,0.10417937487363815,0.3250516206026077,0.49723057448863983,0.6704773664474487,0.26778385341167454,0.4001060128211975,0.5346237421035767,0.07698457539081574,0.2166617512702942,0.33850665390491486
2024-04-09,2024,4,100,sumava_2024-04-09 (1).tif,0.46282748825521686,847252,1830600,0.5289815664291382,0.40810495615005493,0.20114700496196747,0.09806163609027863,0.10896966606378555,0.09731883555650711,0.40161317884922026,0.5345110297203064,0.6457559883594512,0.266419118642807,0.41768187284469604,0.5372264087200165,0.07164094522595406,0.2069099098443985,0.3207370549440384
2024-04-12,2024,4,103,sumava_2024-04-12.tif,0.7160766961651918,1310850,1830600,0.5412918329238892,0.44277939200401306,0.25168347358703613,0.1509556621313095,0.13071148097515106,0.11906355619430542,0.3480896711349487,0.5456070303916931,0.7363095104694368,0.2671580135822296,0.45407943427562714,0.6008460521698,0.08771006017923355,0.26674553751945496,0.3899417221546174
2024-04-27,2024,4,118,sumava_2024-04-27 (3).tif,0.7160766961651918,1310850,1830600,0.6522900462150574,0.5822139978408813,0.3639906644821167,0.24460655450820923,0.18573082983493805,0.20368073880672455,0.22892345935106276,0.7483806014060974,0.8676647543907166,0.3445048093795776,0.6037821769714355,0.7911225616931915,0.12399427443742751,0.34917354583740234,0.6317164599895477
2024-04-27,2024,4,118,sumava_2024-04-27 (2).tif,0.4646017699115044,850500,1830600,0.6933834552764893,0.5393617153167725,0.30325907468795776,0.1654094010591507,0.1650136560201645,0.1694648116827011,0.4740863680839539,0.7439024150371552,0.8377318620681763,0.33136504888534546,0.5596878826618195,0.7260420322418213,0.09620088860392571,0.3004591166973114,0.5125961720943449
2024-04-29,2024,4,120,sumava_2024-04-29.tif,0.462544520922102,846734,1830600,0.45783039927482605,0.41767603158950806,0.254870742559433,0.13075663149356842,0.08959314227104187,0.07750976830720901,0.3060126811265945,0.4412439316511154,0.6486759185791016,0.3245023250579834,0.41149695217609406,0.528715193271637,0.1618265137076378,0.2590172588825226,0.34008240997791295
2024-05-02,2024,5,123,sumava_2024-05-02.tif,0.7160766961651918,1310850,1830600,0.4288043677806854,0.4010769724845886,0.23450738191604614,0.3147645890712738,0.20472460985183716,0.13090135157108307,0.003211879800073799,0.4885832965373993,0.8084824740886688,0.12228820994496345,0.4229493588209152,0.6481514513492586,0.07026347070932389,0.23657900840044022,0.39939945936203003
2024-05-02,2024,5,123,sumava_2024-05-02 (3).tif,0.4646017699115044,850500,1830600,0.44132694602012634,0.3885200023651123,0.22027911245822906,0.3065459132194519,0.20277149975299835,0.12935508787631989,0.009167831856757408,0.5119452774524689,0.7948193132877349,0.11310327500104907,0.4117468595504761,0.6356308400630951,0.06444444879889488,0.2176218405365944,0.3875541359186172
2024-05-04,2024,5,125,sumava_2024-05-04.tif,0.46373866491860594,848920,1830600,0.4650384485721588,0.386902779340744,0.2026246041059494,0.253167986869812,0.16565459966659546,0.11072229593992233,0.047222681716084514,0.543132096529007,0.7448579907417298,0.14630319327116012,0.42383818328380585,0.5822444021701813,0.0666616216301918,0.20606816560029984,0.3446199595928192
2024-05-14,2024,5,135,sumava_2024-05-14.tif,0.463602643941877,848671,1830600,0.5304766297340393,0.434527188539505,0.24412573873996735,0.2948147654533386,0.21142375469207764,0.14121809601783752,0.053380336612463,0.6652716398239136,0.8272145390510559,0.12457780539989471,0.5023249983787537,0.664947509765625,0.056143127381801605,0.26197952032089233,0.41526898741722107
2024-05-19,2024,5,140,sumava_2024-05-19 (1).tif,0.4604189883098438,842843,1830600,0.500664234161377,0.43175867199897766,0.26705697178840637,0.2881322503089905,0.20788033306598663,0.13530968129634857,0.06181798204779628,0.5683799982070923,0.8262770771980286,0.13770028948783875,0.45640692114830017,0.6822807431221009,0.08855590075254441,0.26874157786369324,0.4399974048137665
2024-06-08,2024,6,160,sumava_2024-06-08.tif,0.4630481809242871,847656,1830600,0.726276695728302,0.5597991347312927,0.32574355602264404,0.21228493750095367,0.16863784193992615,0.1260518878698349,0.390803724527359,0.806721031665802,0.8787595629692078,0.2846745103597641,0.6134217977523804,0.7086881399154663,0.13683564960956573,0.3506469279527664,0.459841251373291
2024-06-18,2024,6,170,sumava_2024-06-18 (2).tif,0.4623145416803234,846313,1830600,0.7229769825935364,0.5507782697677612,0.3147093653678894,0.1344563066959381,0.12246593832969666,0.10381320863962173,0.5528823018074036,0.7601697444915771,0.8565879225730897,0.4026378452777863,0.5744519233703613,0.6717288494110107,0.17800138890743264,0.3315586745738983,0.4195967674255371
2024-06-26,2024,6,178,sumava_2024-06-26 (1).tif,0.7160766961651918,1310850,1830600,0.3757633566856384,0.43945783376693726,0.2897084057331085,0.32973721623420715,0.15025043487548828,0.11073374003171921,-0.001320959196891636,0.30102890729904175,0.8392973959445954,0.25099602043628694,0.42955125868320465,0.6394260108470918,0.1367528945207596,0.30761905014514923,0.41613935828208937
2024-06-28,2024,6,180,sumava_2024-06-28 (1).tif,0.4630530973451327,847665,1830600,0.455191969871521,0.43849441409111023,0.2549721300601959,0.3294195830821991,0.20145496726036072,0.13495513796806335,-0.009231290221214283,0.5409762263298035,0.8304301977157592,0.15209635198116303,0.47041821479797363,0.6754723429679871,0.07541407048702241,0.2625387907028198,0.42038348913192747
2024-07-06,2024,7,188,sumava_2024-07-06 (1).tif,0.4646017699115044,850500,1830600,0.7817838191986084,0.5839632749557495,0.3137286901473999,0.13908101618289948,0.13602662086486816,0.11935054510831833,0.6389657199382782,0.824803501367569,0.8785558044910431,0.3989688456058502,0.6218076944351196,0.7053571522235871,0.1438456326723099,0.3363354951143265,0.4392874985933304
2024-07-06,2024,7,188,sumava_2024-07-06 (3).tif,0.7160766961651918,1310850,1830600,0.8026691675186157,0.5883826017379761,0.315716028213501,0.11990316957235336,0.1302112489938736,0.1112852618098259,0.6885078489780426,0.8366615474224091,0.8859682500362397,0.4248072117567062,0.6235053241252899,0.6994064569473266,0.1664465606212616,0.3360425978899002,0.42855762839317324
2024-07-18,2024,7,200,sumava_2024-07-18 (2).tif,0.4623145416803234,846313,1830600,0.6908804774284363,0.5263085961341858,0.2875329256057739,0.18479453027248383,0.15082381665706635,0.1205870732665062,0.41130967140197755,0.7561425566673279,0.8434700727462768,0.28706627488136294,0.5732216835021973,0.6658712387084961,0.10061102360486986,0.3142114281654358,0.413718056678772
2024-07-21,2024,7,203,sumava_2024-07-21 (3).tif,0.4646017699115044,850500,1830600,0.6538329124450684,0.5160115361213684,0.27505767345428467,0.26737749576568604,0.19544366002082825,0.14524362981319427,0.13005379140377044,0.7776163816452026,0.8662431359291076,0.18974070698022844,0.5896358788013458,0.7031888365745544,0.07448767498135568,0.3050670027732849,0.43634730279445644
2024-07-21,2024,7,203,sumava_2024-07-21.tif,0.716075603627226,1310848,1830600,0.6756621599197388,0.5210715532302856,0.2772746980190277,0.26535987854003906,0.18728891015052795,0.13326115906238556,0.1309289693832398,0.7941316664218903,0.8730407297611237,0.20594470947980884,0.593584805727005,0.6932080745697022,0.08316103592514992,0.30687135457992554,0.4230091363191605
2024-07-31,2024,7,213,sumava_2024-07-31 (3).tif,0.7160766961651918,1310850,1830600,0.7890477776527405,0.5652635097503662,0.292960524559021,0.11606629192829132,0.14229194819927216,0.12281879782676697,0.6591780602931976,0.8230918347835541,0.875957864522934,0.3682625651359558,0.6066746711730957,0.6927234530448914,0.11606360375881195,0.3177725672721863,0.42200602591037756
2024-07-31,2024,7,213,sumava_2024-07-31 (2).tif,0.4646017699115044,850500,1830600,0.7852173447608948,0.5728073716163635,0.2984274625778198,0.11768147349357605,0.1472460776567459,0.13232916593551636,0.6583519041538238,0.818877786397934,0.873271507024765,0.3787511885166169,0.6138184666633606,0.7043026983737946,0.11638777628540996,0.3245602697134018,0.4362043797969818
2024-08-07,2024,8,220,sumava_2024-08-07 (2).tif,0.4626679777122255,846960,1830600,0.5962627530097961,0.4766417145729065,0.2531542181968689,0.2754199206829071,0.2034721076488495,0.14242149889469147,0.09049245193600658,0.7332458794116974,0.8349301397800446,0.15288420021533966,0.5475131273269653,0.6827000737190246,0.057635024189949036,0.2738293409347534,0.42121708393096924
2024-08-10,2024,8,223,sumava_2024-08-10 (1).tif,0.4646017699115044,850500,1830600,0.4163847267627716,0.3974589705467224,0.2291841208934784,0.3210795223712921,0.2226797342300415,0.14057371020317078,0.00882109208032489,0.43101318180561066,0.8162278890609741,0.11705866605043412,0.38133978843688965,0.6879831194877625,0.06672625988721848,0.20779339969158173,0.42581615447998045
2024-08-12,2024,8,225,sumava_2024-08-12 (2).tif,0.4623221894460833,846327,1830600,0.7896324396133423,0.5635991096496582,0.28072741627693176,0.11912346631288528,0.14525462687015533,0.13021986186504364,0.6701943159103394,0.8232681751251221,0.8769849300384521,0.38385037183761594,0.6010752320289612,0.6927948355674743,0.10723076313734056,0.3037109375,0.4180781900882721
2024-08-15,2024,8,228,sumava_2024-08-15 (1).tif,0.7160766961651918,1310850,1830600,0.5905923247337341,0.4734179973602295,0.24992778897285461,0.2827757000923157,0.17514213919639587,0.1253937929868698,0.05037129186093807,0.7072821259498596,0.8497218549251556,0.20150417238473892,0.525884747505188,0.6563900828361511,0.07581463009119034,0.27217237651348114,0.39268382191658024
2024-08-20,2024,8,233,sumava_2024-08-20 (1).tif,0.4646017699115044,850500,1830600,0.5227115750312805,0.4414500892162323,0.24425458908081055,0.24255900084972382,0.20674628019332886,0.14116141200065613,0.15530081242322924,0.5739023685455322,0.8049393832683563,0.13090227991342546,0.4839390218257904,0.6803422033786773,0.0533958587795496,0.24891502410173416,0.4258322298526764
2024-08-27,2024,8,240,sumava_2024-08-27 (1).tif,0.4629252704031465,847431,1830600,0.7037509679794312,0.5357036590576172,0.3026593029499054,0.11845429241657257,0.11605563759803772,0.10508636385202408,0.5538771152496338,0.7253260016441345,0.8334994316101074,0.40694358944892883,0.5545586347579956,0.6490520238876343,0.17083877325057983,0.3195956349372864,0.41214853525161743
2024-08-30,2024,8,243,sumava_2024-08-30 (3).tif,0.4646017699115044,850500,1830600,0.7307959198951721,0.5457637906074524,0.2891251742839813,0.18031738698482513,0.16910302639007568,0.13953743875026703,0.5160894513130188,0.7952952980995178,0.8662797391414643,0.3109241843223572,0.5910130739212036,0.7087493956089019,0.09744551181793214,0.30939117074012756,0.4483720660209655
2024-08-30,2024,8,243,sumava_2024-08-30 (1).tif,0.7160766961651918,1310850,1830600,0.7602704167366028,0.5488619208335876,0.28228819370269775,0.15219756960868835,0.16066111624240875,0.13668620586395264,0.5947496771812439,0.8098347187042236,0.8747981250286102,0.3252599656581879,0.5906472504138947,0.7050819158554078,0.08953254222869873,0.3036497235298157,0.43779591321945194
2024-09-04,2024,9,248,sumava_2024-09-04.tif,0.7160766961651918,1310850,1830600,0.784456729888916,0.5575193762779236,0.2785675823688507,0.11694987118244171,0.1571175903081894,0.14324164390563965,0.6431815981864929,0.8234431743621826,0.8749659717082977,0.33610731065273286,0.602339893579483,0.7087801218032838,0.07383728697896003,0.3020930737257004,0.44154170751571653
2024-09-04,2024,9,248,sumava_2024-09-04 (3).tif,0.4646017699115044,850500,1830600,0.7932227849960327,0.573987603187561,0.2929505705833435,0.1123034879565239,0.15461859107017517,0.14700879156589508,0.6688354194164277,0.828066498041153,0.8769422590732574,0.36704316437244416,0.6140356957912445,0.7235640525817871,0.08829854503273964,0.3153432011604309,0.46124458611011504
2024-09-19,2024,9,263,sumava_2024-09-19.tif,0.570053534360319,1043540,1830600,0.7789331674575806,0.5836582779884338,0.32098808884620667,0.11163005232810974,0.14780010282993317,0.1394435316324234,0.6589868545532227,0.8109689950942993,0.8650514721870423,0.38254866898059847,0.6189380586147308,0.7342074751853943,0.12662467658519744,0.3356778770685196,0.4886695772409439
2024-09-19,2024,9,263,sumava_2024-09-19 (5).tif,0.4320217415055173,790859,1830600,0.7684543132781982,0.5766453742980957,0.31411129236221313,0.12283167243003845,0.15883415937423706,0.15099073946475983,0.6387733459472656,0.8058859705924988,0.8614033699035645,0.3636199951171875,0.6124936938285828,0.741431212425232,0.10767700672149658,0.3286181092262268,0.49735987186431885
2024-09-19,2024,9,263,sumava_2024-09-19 (2).tif,0.41343439309516006,756833,1830600,0.7692626714706421,0.5488865971565247,0.2837439477443695,0.1357976347208023,0.16368849575519562,0.13737362623214722,0.6146170139312744,0.8171762228012085,0.8651171803474427,0.32204286456108094,0.5975817441940308,0.6998480439186097,0.0900566428899765,0.3071892261505127,0.4366031110286713
